Ali,Ahmadi,1985
Homayoun,Ahmadi,1990
Ali,Hassani,1990
Homayoun,Rezazade,1955
Siavash,LastName06,1985
Ali,Gholami,1985
Emad,Asgari,1986
Ali,Tavakoli,1986
Emad,Rezazade,1966
Ali,Hassani,1986
Siavash,Tavakoli,1986
Ali,Yavari,1986
Siavash,Ahmadi,1986
Naser,LastName62,1986
Naser,Rezazade,1986
Yashar,Ahmadi,1986
Siavash,Tavakoli,1986
Yashar,Samimi,1985
Radman,Yegane,1985
Homayoun,Rezazade,1985
Emad,Taban,1985
Radman,Tashaouee,1985
Homayoun,Tavakoli,1956
Radman,Khodaee,1966
Hana,Khodadadi,1966
Radman,Basiri,1985
Naser,Tashaouee,2005
Hana,Ahmadi,1985
Naser,LastName19,2005
Siavash,Tashaouee,1985
Mehran,LastName21,1986
Hana,Hassani,1986
Mahdi,Taban,1985
Naser,Rezazade,1985
Hana,Tirdad,1985
Naser,Taban,1986
Siavash,Kamrani,1985
Hana,Hassani,1986
Hamid,Yavari,1986
Yashar,LastName31,1986
Yashar,Yavari,2008
Behrooz,Keytash,1986
Hamid,LastName34,1986
Emad,Basiri,2007
Mahdi,Mohamdazade,1986
Emad,Hassani,1986
Mahdi,Tirdad,1980
Emad,Hassani,1990
Mahdi,Rezakhani,1990
Sepehr,Almasi,1990
Emad,Almasi,1990
Mahdi,Tirdad,1986
Sepehr,Rezaee,1986
Hamid,Poorlabaf,1956
Alireza,Pashazade,1956
Sepehr,Rezaee,1986
Alireza,Falsafi,1955
Radman,Amirkhani,2004
Alireza,Rezaee,2007
Hana,Rezaee,1986
Yashar,LastName55,2007
Alireza,Rezaee,2005
Mehran,Pashazade,1986
Alireza,Poorlabaf,1986
Alireza,Oroumand,1986
Nader,Hassani,1986
Alireza,Rezaee,1986
Mohammad,Almasi,2004
Sepehr,Yavari,1986
Mohammad,Hassani,2004
Ahmad,Hatami,1986
Mohammad,Pashazade,2004
Nader,Hatami,1986
Mohammad,Falsafi,2004
Mohammad,Hatami,1986
Ahmad,Pashazade,1986
Hamid,Yegane,1986
Mohammad,Heidari,1990
Mohammad,Yavari,1981
Ahmad,MirMohammad,2004
Mohammad,Hosseini,1981
Behrooz,Khoshbin,1981
Mohammad,Hassani,1988
Behrooz,Yegane,1988
Mohammad,Yavari,1988
Mehran,Hatami,1986
Mehran,Heidari,1946
Naser,LastName27,1946
Behrooz,Taheri,1986
Roozbeh,Oroumand,1988
Ahmad,Almasi,1981
Sepehr,Heidari,1981
Ahmad,Khoshbin,1931
Nader,Oroumand,2003
Mehran,Hatami,1981
Name95,Taheri,1981
Mohammad,Oroumand,2003
Mohammad,Yavari,2002
Yekta,Mohammadi,1981
Amir,Hosseini,1981
Amir,MirMohammad,1982
Amir,Mohammadi,1982
Amir,Yavari,1952
Yekta,Hasani,1952
Amir,Homayouni,2007
Amir,Hassani,1982
Amir,Taheri,2007
Roozbeh,Hatami,1982
Hamid,Taheri,1982
Yekta,Khoshbin,1990
Hamid,Mohammadi,1990
Sina,Ahmadi,1982
Sepehr,Almasi,2002
Sina,Gholami,1982
Masoud,Hosseini,2002
Masoud,MirMohammad,1982
Amir,Heidari,1982
Amir,Oroumand,1982
Sina,Hatami,1982
Amir,Hatami,1982
Ahmad,Yavari,2002
Reza,Azarshab,1982
Reza,Oroumand,1982
Reza,Nosrati,1982
Saeid,Mohammadi,1982
Reza,Hatami,1982
Reza,Amirkhani,2006
Roozbeh,Hassani,1982
Reza,Azarshab,1982
Hooman,Hosseini,1982
Amir,Heidari,1982
Amir,Hosseini,2006
Masoud,Panahi,1982
Hamid,Yavari,1982
Mehran,Panahi,1982
Mehran,Hatami,2006
Mehran,Moshir,1982
Hamid,Moshir,1982
Hooman,Nosrati,1982
Hamid,Naderi,2006
Shahed,Azarshab,1982
Yaser,Khoshbin,1982
Hamid,Oroumand,1982
Sina,Azarshab,1982
Sina,Emami,2001
Yaser,Yavari,1982
Name149,Khorasani,2001
Masoud,Almasi,1982
Masoud,Hassani,2002
Reza,Almasi,1982
Masoud,Yavari,1982
Reza,Panahi,1982
Nima,Panahi,1982
Nima,Azarshab,1982
Reza,MirMohammad,2006
Jana,Khoshbin,1982
Mahna,Heidari,1982
Sina,Falsafi,2001
Mehran,Shirazi,1982
Mehran,Oroumand,2001
Sina,Azarshab,1982
Yaser,Hoseini,1982
Majid,Khakpoor,1982
Sina,Azarshab,1982
Hamid,Khorasani,1982
Reza,Hamedi,1978
Yaser,Ghemi,1982
Reza,LastName101,1971
Majid,Khoshbin,1983
Masoud,Panahi,1962
Majid,Shirazi,1962
Yaser,Morsali,1952
Majid,LastName173,1952
Yaser,Azarshab,1982
Behrooz,MirMohammad,1993
Yaser,Morsali,1982
Kian,Ghemi,1982
Kian,Hoormand,1982
Nima,Ghemi,1982
Mehran,Shirazi,1982
Nima,Azarshab,1982
Behrooz,Shiroodi,2006
Mehran,Shirzad,1988
Mehran,Ghemi,2001
Kian,LastName39,1986
Saeid,Khoshbin,1986
Behrooz,Moshir,1986
Kian,Shiroodi,1986
Saeid,LastName191,1988
Reza,Moshir,2000
Majid,Azarshab,1988
Yaser,Akbari,2000
Niloo,Namdari,1988
Kian,Morsali,2007
Kian,Naderi,1982
Behrooz,Azarshab,1982
Kian,Ghemi,1982
Saeid,MirMohammad,1982
Yaser,Moshir,1982
Reza,Morsali,2000